{"cameraMode":{"drawMode":0,"name":"Shaded","section":"Shading Mode"},"sceneLighting":false,"audioPlay":false,"sceneViewState":{"showFog":true,"showMaterialUpdate":false,"showSkybox":false,"showFlares":true,"showImageEffects":true,"showParticleSystems":true},"in2DMode":false,"pivot":{"x":0.39517319202423098,"y":-2.379256248474121,"z":2.4691061973571779},"rotation":{"x":0.37780818343162539,"y":-0.04441693052649498,"z":0.018148666247725488,"w":0.9246402978897095},"size":3.677335262298584,"orthographic":false}